<?xml version="1.0" encoding="utf-8"?>
	<root>
		<clientversion version="1.4.02.430.1">
			<type cpu="arm64-v8a">
				<info md5="9F8FFF171E6EBDAB8EADD730E68D9707" length="2808762" libagoraSdkCWrapper.bytes="00CAD4C5848467806A0E20AE5536B05A" libagora-rtc-sdk-jni.bytes="167AC074442E5595F98C9EDB878052D8"/>
			</type>
			<type cpu="armeabi-v7a">
				<info md5="862931D1B48FD3AF6F79F07C6DFAA205" length="2231129" libagoraSdkCWrapper.bytes="DB0A2E725C7C754CA2685485970AAD92" libagora-rtc-sdk-jni.bytes="95F7A7551229E014471D276405ADBA18"/>
			</type>
			<type cpu="x86">
				<info md5="360BF5D69956F73820B4F47A31813D49" length="3005577" libagoraSdkCWrapper.bytes="8954E3A66B374CC966D110F3746051FD" libagora-rtc-sdk-jni.bytes="11DAD4842844AEAEB9CB047A90793CC2"/>
			</type>
		</clientversion>
		<clientversion version="1.5.98.655.1">
			<type cpu="arm64-v8a">
				<info md5="0DBCD98E559A5EE6590A35C5FB6B1839" length="2757775" libagoraSdkCWrapper.bytes="1FE8BD8CF0DEC73224C43DF70B47CD60" libagora-rtc-sdk-jni.bytes="0D6960FE40187FF1C10577C01837F6C8"/>
			</type>
			<type cpu="armeabi-v7a">
				<info md5="C3383FC1C945A9F64EC64BBF2F8FF93C" length="2280801" libagoraSdkCWrapper.bytes="12AD66845626E1C43EDD0DA55630D360" libagora-rtc-sdk-jni.bytes="B4931A382D60AFF760F5612B2FEE852D"/>
			</type>
			<type cpu="x86">
				<info md5="F3D1CF43D282E98E4B039FFF28072F33" length="3077656" libagoraSdkCWrapper.bytes="710E5F846DB91CE931D3B41E69F3257D" libagora-rtc-sdk-jni.bytes="6A8AF890E2D27226C612485338B373C4"/>
			</type>
		</clientversion>
		<clientversion version="1.6.24.683.1">
			<type cpu="arm64-v8a">
				<info md5="D87466329AD26FF0F10687FB7CFE2713" length="2757777" libagora-rtc-sdk-jni.bytes="766B1F9FE1EF707C12C21BA5235B209A" libagoraSdkCWrapper.bytes="1FE8BD8CF0DEC73224C43DF70B47CD60"/>
			</type>
			<type cpu="armeabi-v7a">
				<info md5="347371F76CCE99D8CC9FB51AAF54847D" length="2280798" libagoraSdkCWrapper.bytes="12AD66845626E1C43EDD0DA55630D360" libagora-rtc-sdk-jni.bytes="2F18E58A125658CB00B6E1636E7F3748"/>
			</type>
			<type cpu="x86">
				<info md5="0A535EE21A841B397F29C27CD939F9B8" length="3077654" libagoraSdkCWrapper.bytes="710E5F846DB91CE931D3B41E69F3257D" libagora-rtc-sdk-jni.bytes="04350761ABC36FF588E83AB2A2D16D1E"/>
			</type>
		</clientversion>
		<clientversion version="1.7.12.777.1">
			<type cpu="arm64-v8a">
				<info md5="12391BCA56779BEBC8D9C008C69E105D" length="4265274" libagora-ffmpeg.bytes="3E7CDB0AF81CAC642D41BBC11E409C87" libagora-mpg123.bytes="63B9651380365A420C5C5E2C84A5E96D" libagora-rtc-sdk.bytes="7D6504AA8724A153493B5B8BCD1D1F2F" libagora-soundtouch.bytes="7B42730689B6EE5947027D7D02593793" libagoraSdkCWrapper.bytes="A45CEF27A363060DF8540B009D09FDF4" libagora-core.bytes="5E6A068E0C7A32ACDE1A3720EA9716D0"/>
			</type>
			<type cpu="armeabi-v7a">
				<info md5="6AEC8CB3E6AAE01090F3E78687B4B613" length="3786364" libagora-ffmpeg.bytes="C77949887CC2F0F895F1DA543F2EFA1A" libagora-mpg123.bytes="CFAA15AAB6345D1FB96E037E1699CEB6" libagora-rtc-sdk.bytes="B7E506FB366E909922DF9AE039D38B89" libagora-soundtouch.bytes="81DA09C805E8F509F19EE7CAB04855C5" libagoraSdkCWrapper.bytes="42AD4B771DFB37C929524040E4BC2DC0" libagora-core.bytes="1F714D56069C4E0252D8241A474C093E"/>
			</type>
			<type cpu="x86">
				<info md5="44343DE7BED5D98B774C460BC16A1413" length="4195232" libagora-ffmpeg.bytes="E2A8AFD6B3B47F417B384C4EF9599DA9" libagora-mpg123.bytes="B04926083C2DBD57B9520EE14F4311F9" libagoraSdkCWrapper.bytes="525C1CE9179E084572A15ED89570FCCA" libagora-rtc-sdk.bytes="E2323E9AA913CBAA84B5513A47F969B3" libagora-soundtouch.bytes="3D32178CB157828AFEF4BFB6C5512EFC" libagora-core.bytes="E6E1D5A4E88C7137CAE55AACC44EA7DB"/>
			</type>
		</clientversion>
		<clientversion version="1.7.23.785.1">
			<type cpu="arm64-v8a">
				<info md5="D87466329AD26FF0F10687FB7CFE2713" length="2757777" libagora-rtc-sdk-jni.bytes="766B1F9FE1EF707C12C21BA5235B209A" libagoraSdkCWrapper.bytes="1FE8BD8CF0DEC73224C43DF70B47CD60"/>
			</type>
			<type cpu="armeabi-v7a">
				<info md5="347371F76CCE99D8CC9FB51AAF54847D" length="2280798" libagoraSdkCWrapper.bytes="12AD66845626E1C43EDD0DA55630D360" libagora-rtc-sdk-jni.bytes="2F18E58A125658CB00B6E1636E7F3748"/>
			</type>
			<type cpu="x86">
				<info md5="0A535EE21A841B397F29C27CD939F9B8" length="3077654" libagoraSdkCWrapper.bytes="710E5F846DB91CE931D3B41E69F3257D" libagora-rtc-sdk-jni.bytes="04350761ABC36FF588E83AB2A2D16D1E"/>
			</type>
		</clientversion>
	</root>
